Platform Code	Platform Alias	Platform Name	Available
HT_HG-U133A	HT_HG-U133A	Affymetrix HT Human Genome U133 Array Plate Set	Yes
HuEx-1_0-st-v2	HuEx-1_0-st-v2	Affymetrix Human Exon 1.0 ST Array	Yes
Genome_Wide_SNP_6	Genome_Wide_SNP_6	Affymetrix Genome-Wide Human SNP Array 6.0	Yes
HG-CGH-415K_G4124A	HG-CGH-415K_G4124A	Agilent Human Genome CGH Custom Microarray 2x415K	Yes
WHG-CGH_4x44B	WHG-CGH_4x44B	Agilent Human Genome CGH Microarray 44K	No
HG-CGH-244A	HG-CGH-244A	Agilent Human Genome CGH Microarray 244A	Yes
WHG-1x44K_G4112A	1 x 44K	Agilent Whole Human Genome	No
WHG-4x44K_G4112F	4 x 44K	Agilent Whole Human Genome Microarray Kit	No
AgilentG4502A_07_1	AgilentG4502A_07	Agilent 244K Custom Gene Expression G4502A-07-1	Yes
H-miRNA_G4470A	H-miRNA_G4470A	Agilent Human miRNA Microarray	No
AgilentG4502A_07_2	AgilentG4502A_07	Agilent 244K Custom Gene Expression G4502A-07-2	Yes
H-miRNA_8x15Kv2	H-miRNA_8x15K	Agilent Human miRNA Microarray Rel12.0	Yes
AgilentG4502A_07_3	AgilentG4502A_07	Agilent 244K Custom Gene Expression G4502A-07-3	Yes
H-miRNA_8x15K	H-miRNA_8x15K	Agilent 8 x 15K Human miRNA-specific microarray	Yes
CGH-1x1M_G4447A	CGH-1x1M_G4447A	Agilent SurePrint G3 Human CGH Microarray Kit 1x1M	Yes
H-miRNA_EarlyAccess	H-miRNA_EarlyAccess	Agilent Human miRNA Early Access Array	No
IlluminaGG	IlluminaGG	Illumina GoldenGate	No
HumanMethylation27	HumanMethylation27	Illumina Infinium Human DNA Methylation 27	Yes
IlluminaDNAMethylation_OMA003_CPI	IlluminaDNAMethylation	Illumina DNA Methylation OMA003 Cancer Panel I	Yes
Human1MDuo	Human1MDuo	Illumina Human1M-Duo BeadChip	Yes
IlluminaDNAMethylation_OMA002_CPI	IlluminaDNAMethylation	Illumina DNA Methylation OMA002 Cancer Panel I	Yes
HumanHap550	HumanHap550	Illumina 550K Infinium HumanHap550 SNP Chip	Yes
AgilentG4502A_07	AgilentG4502A_07	Agilent 244K Custom Gene Expression G4502A-07	Yes
bio	bio	Biospecimen Metadata - Complete Set	No
biotab	biotab	Biospecimen Metadata - Complete Set - All Samples - Tab-delimited	No
minbio	minbio	Biospecimen Metadata - Minimal Set	No
minbiotab	minbiotab	Biospecimen Metadata - Minimal Set - All Samples - Tab-delimited	No
ABI	ABI	Applied Biosystems Sequence data	Yes
IlluminaHiSeq_DNASeq	Mutation Calling	Illumina HiSeq 2000 DNA Sequencing	Yes
SOLiD_DNASeq	Mutation Calling	ABI SOLiD DNA Sequencing	Yes
IlluminaGA_DNASeq	Mutation Calling	Illumina Genome Analyzer DNA Sequencing	Yes
IlluminaGA_mRNA_DGE	IlluminaGA_mRNA_DGE	Illumina Genome Analyzer mRNA Digital Gene Expression	Yes
454	454	454 Life Sciences Genome Sequence data	No
HG-U133A_2	HG-U133A_2	Affymetrix Human Genome U133A 2.0 Array	No
HG-U133_Plus_2	HG-U133_Plus_2	Affymetrix Human Genome U133 Plus 2.0 Array	Yes
Mapping250K_Nsp	Mapping250K_Nsp	Affymetrix Human Mapping 250K Nsp Array	No
Mapping250K_Sty	Mapping250K_Sty	Affymetrix Human Mapping 250K Sty Array	No
GenomeWideSNP_5	GenomeWideSNP_5	Affymetrix Genome-Wide Human SNP Array 5.0	No
tissue_images	tissue_images	Tissue Images	No
IlluminaGA_RNASeq	IlluminaGA_RNASeq	Illumina Genome Analyzer RNA Sequencing	Yes
IlluminaGA_miRNASeq	IlluminaGA_miRNASeq	Illumina Genome Analyzer miRNA Sequencing	Yes
diagnostic_images	diagnostic_images	Diagnostic Images	Yes
pathology_reports	pathology_reports	Pathology Reports	Yes
MDA_RPPA_Core	MDA_RPPA_Core	M.D. Anderson Reverse Phase Protein Array Core	Yes
microsat_i	microsat_i	Microsatellite Instability Analysis	Yes
HumanMethylation450	HumanMethylation450	Illumina Infinium Human DNA Methylation 450	Yes
IlluminaHiSeq_mRNA_DGE	IlluminaHiSeq_mRNA_DGE	Illumina HiSeq 2000 mRNA Digital Gene Expression	Yes
IlluminaHiSeq_miRNASeq	IlluminaHiSeq_miRNASeq	Illumina HiSeq 2000 miRNA Sequencing	Yes
IlluminaHiSeq_RNASeq	IlluminaHiSeq_RNASeq	Illumina HiSeq 2000 RNA Sequencing	Yes
IlluminaHiSeq_DNASeqC	IlluminaHiSeq_DNASeqC	Illumina HiSeq for Copy Number Variation	Yes
fh_analyses	fh_analyses	Firehose Analyses	Yes
fh_stddata	fh_stddata	Firehose Standardized Data	Yes
fh_reports	fh_reports	Firehose Reports	Yes
IlluminaGA_RNASeqV2	IlluminaGA_RNASeqV2	Illumina Genome Analyzer RNA Sequencing Version 2 analysis	Yes
IlluminaHiSeq_RNASeqV2	IlluminaHiSeq_RNASeqV2	Illumina HiSeq 2000 RNA Sequencing Version 2 analysis	Yes
IlluminaHiSeq_DNASeq_Cont	Mutation Calling	Illumina HiSeq 2000 DNA Sequencing - Controlled	Yes
IlluminaGA_DNASeq_Cont	Mutation Calling	Illumina Genome Analyzer DNA Sequencing - Controlled	Yes
IlluminaHiSeq_TotalRNASeqV2	IlluminaHiSeq_TotalRNASeqV2	Illumina HiSeq 2000 Total RNA Sequencing Version 2 analysis	Yes
SOLiD_DNASeq_Cont	Mutation Calling	ABI SOLiD DNA Sequencing - Controlled	Yes
Mixed_DNASeq	Mutation Calling	Mixed DNA Sequencing	Yes
Mixed_DNASeq_Cont	Mutation Calling	Mixed DNA Sequencing - Controlled	Yes
IlluminaHiSeq_WGBS	IlluminaHiSeq_WGBS	Illumina HiSeq 2000 Bisulfite-converted DNA Sequencing	Yes
IlluminaHiSeq_DNASeq_automated	Automated Mutation Calling	IlluminaHiSeq automated DNA sequencing	Yes
IlluminaHiSeq_DNASeq_curated	Curated Mutation Calling	IlluminaHiSeq curated DNA sequencing	Yes
IlluminaGA_DNASeq_automated	Automated Mutation Calling	IlluminaGA automated DNA sequencing	Yes
IlluminaGA_DNASeq_curated	Curated Mutation Calling	IlluminaGA curated DNA sequencing	Yes
SOLiD_DNASeq_automated	Automated Mutation Calling	SOLiD automated DNA sequencing	Yes
SOLiD_DNASeq_curated	Curated Mutation Calling	SOLiD curated DNA sequencing	Yes
Mixed_DNASeq_automated	Automated Mutation Calling	Mixed automated DNA sequencing	Yes
Mixed_DNASeq_curated	Curated Mutation Calling	Mixed curated DNA sequencing	Yes
IlluminaHiSeq_DNASeq_Cont_automated	Automated Mutation Calling	IlluminaHiSeq automated DNA sequencing - controlled	Yes
IlluminaHiSeq_DNASeq_Cont_curated	Curated Mutation Calling	IlluminaHiSeq curated DNA sequencing - controlled	Yes
IlluminaGA_DNASeq_Cont_automated	Automated Mutation Calling	IlluminaGA automated DNA sequencing - controlled	Yes
IlluminaGA_DNASeq_Cont_curated	Curated Mutation Calling	IlluminaGA curated DNA sequencing - controlled	Yes
SOLiD_DNASeq_Cont_automated	Automated Mutation Calling	SOLiD automated DNA sequencing - controlled	Yes
SOLiD_DNASeq_Cont_curated	Curated Mutation Calling	SOLiD curated DNA sequencing - controlled	Yes
Mixed_DNASeq_Cont_automated	Automated Mutation Calling	Mixed automated DNA sequencing - controlled	Yes
Mixed_DNASeq_Cont_curated	Curated Mutation Calling	Mixed curated DNA sequencing - controlled	Yes
supplemental_clinical	supplemental_clinical	supplemental_clinical	No
Multicenter_mutation_calling_MC3	Multicenter Mutation Calling (MC3)	Multi-Center Mutations	Yes
Multicenter_mutation_calling_MC3_Cont	Multicenter Mutation Calling (MC3)	Multi-Center Mutations - Controlled	Yes